,count,predicted_mean
0,0.0,0.12206209
1,0.0,0.12206209
2,0.0,0.12417598
3,0.0,0.2075694
4,0.0,0.8040141
5,0.0,0.12206209
6,0.0,0.12206209
7,0.0,0.12206209
8,0.0004507835999496,0.13422187
9,-0.0004699710427171,0.13422187
10,-0.000291452193841,0.13422187
11,-3.409740813282351e-05,0.13422187
