,count,predicted_mean
0,0.0,0.0016076608
1,0.0,0.0012046195
2,0.0,0.7007797
3,4.0,0.8319442
4,1.0,1.0211595
5,0.0,0.502673
6,0.0,0.0012046195
7,0.0,0.0012046195
8,0.0301324666937694,0.0012046195
9,-0.0384237521383734,0.0012046195
10,-0.0076775624545559,0.0012046195
11,-0.0009568035970084,0.0012046195
