,count,predicted_mean
0,0.0,0.0035360674
1,0.0,0.0035360674
2,0.0,0.009022181
3,2.0,2.004394
4,5.0,0.44483382
5,0.0,0.8424993
6,0.0,0.0035360674
7,0.0,0.0035360674
8,0.0356582145621739,0.0035360674
9,0.0225158554906928,0.0035360674
10,0.0057506685120629,0.0035360674
11,0.0001327578278677,0.0035360674
