,count,predicted_mean
0,0.0,0.0032408203
1,0.0,0.0031681901
2,0.0,1.5337313
3,5.0,1.8255403
4,2.0,2.7362437
5,2.0,0.31200945
6,0.0,1.0279794
7,0.0,0.022423152
8,-0.0297845466953248,0.07067202
9,-0.0074875419358044,0.073514715
10,-0.0014931916366158,0.073514715
11,-0.000223782255436,0.20343882
