,count,predicted_mean
0,0.0,0.3543269
1,0.0,0.3543269
2,0.0,0.8
3,1.0,0.3543269
4,0.0,0.39999998
5,1.0,0.3543269
6,0.0,0.37142855
7,0.0,0.3543269
8,0.1588139540542851,0.3543269
9,0.0358810762894171,0.3543269
10,0.0035198814916,0.3543269
11,-0.0016181195777757,0.3543269
