,count,predicted_mean
0,0.0,0.35164833
1,0.0,0.35164833
2,1.0,0.875
3,0.0,1.5875001
4,2.0,0.35164833
5,0.0,1.5875001
6,0.0,0.35164833
7,0.0,0.35164833
8,0.0215702565949159,0.35164833
9,0.0074549349075497,0.35164833
10,0.0003911583646513,0.35164833
11,-0.0005461432890415,0.35164833
