,count,predicted_mean
0,1.0,0.70357144
1,0.0,0.70357144
2,0.0,1.0571429
3,0.0,1.0571429
4,1.0,0.38
5,0.0,0.5
6,0.0,0.3628049
7,0.0,0.3628049
8,-0.0260288620212663,0.3628049
9,-0.004673465410128,0.3628049
10,0.0220863550015002,0.3628049
11,0.0013888118757567,0.3628049
