,count,predicted_mean
0,0.0,0.025180805
1,1.0,1.0047508
2,9.0,3.3118649
3,21.0,6.236682
4,6.0,3.9399827
5,1.0,1.5644584
6,2.0,0.74656206
7,1.0,0.06563486
8,0.1468367098715403,0.18948749
9,-0.0096602802542937,0.008927003
10,-0.0274784834529015,0.008927003
11,-0.0144666987169697,0.025180805
