,count,predicted_mean
0,0.0,0.004525327
1,0.0,0.03496681
2,0.0,0.27337703
3,6.0,3.6321886
4,8.0,4.5643077
5,0.0,1.3858936
6,0.0,0.015371382
7,0.0,-0.0030587711
8,-0.1165470372424757,-0.0036439477
9,-0.0167026309945606,-0.0036439477
10,-0.007234360388187,0.038074724
11,-0.0029619864308266,-0.0012671773
