year,month,rate/trap_night,infectionRate,rate/trap_night,infectionRate,rate/trap_night,infectionRate
2023,3,127.15127210430697,0.0,130.25054990661965,0.0,124.05199430199428,0.0
2023,4,221.45344703678037,0.0,312.3153846153846,0.0,166.07707707707706,0.0
2023,5,180.68580319336402,5.4662730950025e-05,238.42425762439808,0.0002186509238001,113.48618899273104,0.0
2023,6,226.03237070012585,0.00019844133352575,236.40819672131144,0.000793765334103,215.65654467894024,0.0
2023,7,117.65097064355926,0.0015705361366194,128.11871147345394,0.0041081081081081,107.18322981366458,0.0
