,count,predicted_mean
0,0.0,-0.023557253
1,1.0,-0.011804888
2,0.0,4.990085
3,12.0,2.7900443
4,10.0,12.11533
5,3.0,1.1372893
6,0.0,0.24098639
7,0.0,-0.012645543
8,0.1235267033344021,-0.012645543
9,0.0361916562318846,0.0035286304
10,0.0227396860490585,0.013039729
11,0.0021279479568859,0.004369283
