,count,predicted_mean
0,0.0,4.852602e-05
1,0.0,0.76969975
2,7.0,0.76893646
3,63.0,29.669333
4,53.0,35.87622
5,6.0,7.0714607
6,0.0,-0.0007084441
7,0.0,0.00017051643
8,-2.9502015545331544,0.00014202844
9,-3.2365807725927787,0.00026169443
10,-2.396630513767314,4.858292e-05
11,-2.0543976031515703,-0.0027258703
