year,month,rate/trap_night,infectionRate,rate/trap_night,infectionRate,rate/trap_night,infectionRate
2023,3,127.15127210430697,0.0,130.25054990661965,0.0,124.05199430199428,0.0
2023,4,221.45344703678037,0.0,312.3153846153846,0.0,166.07707707707706,0.0
2023,5,180.6882939865578,5.4662730950025e-05,238.4317300039793,0.0002186509238001,113.48618899273104,0.0
2023,6,266.2393523702874,8.82145377558e-05,302.8936170212766,0.0003528581510232,229.58508771929823,0.0
