,count,predicted_mean
0,0.0,0.32867238
1,0.0,0.32867238
2,0.0,0.2507489
3,0.0,0.70022386
4,0.0,0.77814734
5,0.0,0.24395046
6,0.0,0.10060558
7,0.0,0.10060558
8,-3.72346401165118e-05,0.10060558
9,0.0055816574900378,0.10060558
10,-1.4233581726442608e-06,0.10060558
11,0.0001864329564873,0.10060558
