,count,predicted_mean
0,0.0,0.0054091834
1,0.0,0.031788282
2,4.0,0.5969531
3,33.0,27.658556
4,26.0,23.567595
5,2.0,1.7224122
6,1.0,0.009117805
7,0.0,0.006894535
8,-0.4810254153239297,0.0022808975
9,-0.0096892081835767,0.0033552311
10,-0.008278192272174,0.0036264225
11,-0.000836741917177,-0.008966366
