,count,predicted_mean
0,0.0,0.32406113
1,0.0,-0.034328345
2,0.0,0.7450567
3,2.0,3.4363036
4,3.0,2.8611743
5,3.0,1.127702
6,0.0,-0.030244958
7,0.0,-0.030244958
8,0.0687733167774905,-0.030244958
9,0.0111433315830566,-0.026981216
10,0.0180058675195502,-0.026981216
11,0.0286718357776033,0.03157079
