,count,predicted_mean
0,0.0,0.2672344
1,0.0,0.27080587
2,2.0,1.2035937
3,5.0,5.4632
4,6.0,1.2438637
5,1.0,1.0334375
6,1.0,1.2271875
7,0.0,0.25495222
8,-0.1207195844283719,0.25495222
9,-0.0502959093710882,0.25495222
10,-0.0203004989739703,0.25495222
11,0.0241033547535848,0.25495222
