year,month,rate/trap_night,infectionRate,rate/trap_night,infectionRate,rate/trap_night,infectionRate
2023,3,127.15127210430697,0.0,130.25054990661965,0.0,124.05199430199428,0.0
2023,4,221.53845033275923,0.0,312.3153846153846,0.0,166.07707707707706,0.0
2023,5,180.54084306678646,0.0,297.5094339622641,0.0,94.63809523809525,0.0
