,count,predicted_mean
0,0.0,0.2599733
1,0.0,0.22341494
2,3.0,1.1898267
3,4.0,4.9955325
4,2.0,1.8632219
5,2.0,1.1134808
6,0.0,0.14402424
7,0.0,0.12974037
8,-0.0748125449967581,0.12974037
9,-0.0113414534245968,0.12974037
10,-0.0013015894630596,0.12974037
11,0.0005491475369522,0.12974037
