,count,predicted_mean
0,0.0,0.35142857
1,0.0,0.35142857
2,0.0,0.37142855
3,1.0,1.1
4,3.0,0.875
5,0.0,2.375
6,0.0,0.35142857
7,0.0,0.35142857
8,-0.1821170744473148,0.35142857
9,-0.0114359241339692,0.35142857
10,-0.0013255672085409,0.35142857
11,-0.0003528001296994,0.35142857
