,count,predicted_mean
0,0.0,0.08499899
1,0.0,0.08499899
2,0.0,0.08499899
3,0.0,0.77814734
4,0.0,0.09334403
5,0.0,0.08454412
6,0.0,0.08499899
7,0.0,0.08499899
8,-1.1961084846446671e-28,0.08499899
9,-8.6958724126316e-36,0.08499899
10,8.934564277257472e-36,0.08499899
11,4.628960168156904e-43,0.08499899
