,count,predicted_mean
0,0.0,0.08591834
1,0.0,0.08591834
2,0.0,0.10125427
3,1.0,0.13133241
4,1.0,0.21343645
5,0.0,0.16637483
6,0.0,0.08591834
7,0.0,0.08591834
8,-0.000266991207548,0.08591834
9,-3.588585956124992e-05,0.08591834
10,-2.960218786372904e-06,0.08591834
11,-7.883153127454786e-09,0.08591834
