,count,predicted_mean
0,0.0,0.2836293
1,0.0,0.2836293
2,1.0,0.78125
3,14.0,7.4215627
4,8.0,11.921563
5,0.0,2.04
6,0.0,0.2836293
7,0.0,0.2836293
8,0.0475945037123959,0.2836293
9,0.0434061921917606,0.2836293
10,-0.0478437471048582,0.2836293
11,-0.0221170464123501,0.2836293
