,count,predicted_mean
0,0.0,0.35929203
1,0.0,0.35929203
2,0.0,0.39999998
3,1.0,2.06
4,0.0,0.925
5,0.0,0.35929203
6,0.0,0.35929203
7,0.0,0.35929203
8,0.0029495621130812,0.35929203
9,0.0004258332946997,0.35929203
10,5.427730471407812e-05,0.35929203
11,4.509247801646346e-06,0.35929203
