,count,predicted_mean
0,0.0,0.013486359
1,0.0,0.013486359
2,0.0,0.013486359
3,1.0,0.016903201
4,0.0,0.6595611
5,0.0,0.0049082623
6,0.0,0.013486359
7,0.0,0.013486359
8,0.00327133855062,0.013486359
9,0.0005058654741873,0.013486359
10,8.394839546721673e-05,0.013486359
11,1.30199449523405e-05,0.013486359
