,count,predicted_mean
0,0.0,0.423125
1,1.0,0.6
2,8.0,1.6625
3,6.0,14.937501
4,7.0,6.823077
5,5.0,6.823077
6,3.0,0.56666666
7,0.0,0.423125
8,-3.534499354134167,0.423125
9,-0.9613259798075082,0.423125
10,-0.2374519144769351,0.423125
11,0.1546440983242556,0.423125
