,count,predicted_mean
0,0.0,-0.00078693876
1,1.0,-0.0028720566
2,2.0,1.0378292
3,4.0,2.0540838
4,4.0,2.8699095
5,0.0,0.11978851
6,0.0,0.089116015
7,0.0,0.007016043
8,-0.0629969301665504,-0.0016238431
9,-0.0142399094003521,-0.0014135077
10,-0.0076844593066716,-0.0014187363
11,-0.0029446325593544,-0.0010731514
