,count,predicted_mean
0,0.0,0.35205477
1,0.0,0.35205477
2,1.0,1.8000001
3,9.0,2.9545455
4,20.0,11.900001
5,7.0,11.900001
6,0.0,0.365
7,0.0,0.35205477
8,0.2029508518111696,0.35205477
9,0.0318437820096008,0.35205477
10,0.0023925911940013,0.35205477
11,0.0154734241752948,0.35205477
