,count,predicted_mean
0,0.0,0.009015271
1,0.0,0.06302402
2,0.0,0.20564358
3,1.0,0.9465677
4,0.0,0.82171535
5,0.0,0.7379638
6,0.0,0.009985451
7,0.0,0.009015271
8,0.0008181215783848,0.009985451
9,0.000277892364048,0.009985451
10,5.008677643588177e-05,0.009985451
11,6.057289384125685e-06,0.009985451
