,count,predicted_mean
0,0.0,0.12379733
1,0.0,1.5845968
2,0.0,0.45197347
3,2.0,1.200958
4,1.0,1.3732605
5,0.0,0.5252688
6,0.0,-0.05000146
7,0.0,0.10256982
8,-0.0807475569600098,0.41135314
9,-0.0732332008829453,0.46809965
10,0.0958011889780077,0.10256982
11,0.001958709726595,0.10256982
