,count,predicted_mean
0,0.0,0.029788062
1,0.0,0.029788062
2,0.0,0.5323469
3,4.0,3.8961422
4,2.0,2.7293
5,1.0,0.30776134
6,0.0,0.029788062
7,0.0,0.029788062
8,0.0188294118109347,0.029788062
9,0.007769537160611,0.029788062
10,0.0014988623026099,0.029788062
11,-0.0001480484782269,0.029788062
