,count,predicted_mean
0,0.0,0.3556962
1,0.0,0.39999998
2,1.0,0.4625
3,2.0,2.3000002
4,1.0,0.70000005
5,2.0,0.8
6,0.0,0.4625
7,0.0,0.38
8,0.0066504274992055,0.3556962
9,0.0114108906841768,0.3556962
10,0.0092300264250087,0.3556962
11,0.0502327919819766,0.3556962
