,count,predicted_mean
0,0.0,0.12033918
1,0.0,0.27945447
2,0.0,0.51066875
3,2.0,0.8505914
4,3.0,3.789861
5,0.0,0.16060314
6,0.0,0.12033918
7,0.0,0.12033918
8,-0.0460531305879667,0.12033918
9,-0.0028266215656167,0.12033918
10,-0.0009795942591874,0.12033918
11,-0.0004061316502502,0.12033918
