,count,predicted_mean
0,0.0,0.15419783
1,1.0,0.41513437
2,0.0,0.38173178
3,1.0,1.6168088
4,1.0,0.53980625
5,0.0,0.41010508
6,0.0,0.08601938
7,0.0,0.07630223
8,-0.139954366035522,0.07630223
9,-0.0347734408930557,0.07630223
10,-0.017299655159004,0.016799852
11,0.0044361848697075,0.096354395
