year,month,rate/trap_night,infectionRate,rate/trap_night,infectionRate,rate/trap_night,infectionRate
2023,3,127.15127210430697,0.0,130.25054990661965,0.0,124.05199430199428,0.0
2023,4,213.39954372425635,0.0,288.1536746778126,0.0,166.07707707707706,0.0
2023,5,172.7081428191118,5.4662730950025e-05,238.42425762439808,0.0002186509238001,89.55320786997433,0.0
2023,6,169.3023813161997,0.00019844133352575,236.4036951135944,0.000793765334103,55.84690415606446,0.0
2023,7,74.00988345488544,0.001727064655845575,101.3698739313143,0.0056853679870048,29.235449735449738,0.0
2023,8,50.71333833358722,0.0031828376199693,70.19374430610385,0.0087559776385801,17.472196620583716,0.0006648936170212
2023,9,57.46467831200276,0.00262467726506575,99.86353741496598,0.0031088082901554,15.06581920903955,0.0021662604928242
