,count,predicted_mean
0,1.0,0.8352941
1,4.0,3.7833002
2,5.0,3.7833002
3,8.0,3.7833002
4,11.0,4.7200894
5,12.0,2.4303126
6,1.0,0.3359088
7,0.0,0.3359088
8,2.0893713416973645,0.3359088
9,0.5408229721203306,2.4303126
10,0.129454783351883,0.3359088
11,0.0325724170982776,0.3359088
