,count,predicted_mean
0,0.0,0.35149997
1,0.0,0.35149997
2,1.0,1.0250001
3,3.0,0.39999998
4,1.0,0.575
5,0.0,0.425
6,0.0,0.35149997
7,0.0,0.35149997
8,0.0151774162550432,0.35149997
9,0.0024627324067291,0.35149997
10,0.000239345521441,0.35149997
11,-4.438957751765976e-05,0.35149997
