,count,predicted_mean
0,0.0,0.35365853
1,0.0,0.35365853
2,0.0,1.2875
3,0.0,0.37142855
4,0.0,0.35365853
5,0.0,0.35365853
6,0.0,0.35365853
7,0.0,0.35365853
8,-0.0028596749150159,0.35365853
9,-0.0012850566483932,0.35365853
10,-0.0002516027627344,0.35365853
11,1.6655919740031608e-05,0.35365853
