,count,predicted_mean
0,0.0,0.18616052
1,8.0,2.2453156
2,23.0,36.333298
3,52.0,48.382057
4,27.0,33.08532
5,18.0,12.630268
6,1.0,2.0914285
7,0.0,0.036649164
8,0.2417325724499766,0.068588614
9,0.5801122779635929,0.068588614
10,0.2275630703593022,0.068588614
11,0.01654433845919,0.068588614
