,count,predicted_mean
0,0.0,-0.0030903951
1,0.0,0.10562289
2,0.0,0.272414
3,1.0,2.0833
4,5.0,4.0210304
5,0.0,0.24049918
6,0.0,-0.002929544
7,0.0,-0.0140443435
8,-0.0442892899723192,-0.0140443435
9,-0.0205233531682584,-0.0140443435
10,-0.0040030089939223,-0.0140443435
11,0.0005309269204371,-0.028010966
