,count,predicted_mean
0,0.0,0.11075371
1,0.0,1.330014
2,0.0,0.92106503
3,1.0,0.29684255
4,6.0,2.5235755
5,1.0,1.391597
6,0.0,0.07341355
7,0.0,0.07341355
8,-0.0120922392677207,0.07341355
9,0.0756261059653302,0.07341355
10,0.1610680058596665,0.07341355
11,0.1877275316308101,0.07341355
