,count,predicted_mean
0,0.0,0.0023111282
1,0.0,0.8361675
2,3.0,7.1772118
3,18.0,7.387051
4,14.0,10.981577
5,0.0,0.94037247
6,0.0,0.0016864862
7,0.0,0.00035869546
8,-0.2314657047601023,0.001610504
9,-0.0600464235044488,0.001610504
10,-0.0077040535574076,0.001610504
11,0.0013108589598563,0.001610504
