,count,predicted_mean
0,0.0,0.039625004
1,0.0,0.05374843
2,1.0,0.83937365
3,1.0,1.1086456
4,0.0,0.7924117
5,0.0,0.19573928
6,0.0,0.0102927815
7,0.0,0.0102927815
8,0.0049006814471585,0.0102927815
9,0.0010816911116466,0.025131345
10,0.0237339620026172,0.0102927815
11,-0.007614589661058,0.039625004
