,count,predicted_mean
0,0.0,0.084919944
1,0.0,0.015527484
2,0.0,0.12117853
3,0.0,0.69362825
4,0.0,0.32209024
5,0.0,0.038037974
6,0.0,0.057188995
7,0.0,0.057188995
8,0.0048214326759418,0.057188995
9,0.001283608160011,0.072262734
10,0.0306704128161994,0.072262734
11,0.0267998784303141,0.072865315
