,count,predicted_mean
0,0.0,0.38
1,0.0,0.38
2,1.0,0.378125
3,1.0,0.425
4,2.0,2.35625
5,2.0,2.35625
6,0.0,0.6125
7,0.0,0.35238093
8,0.4440647797584859,0.35238093
9,0.0942491838923768,0.35238093
10,0.0079942291269769,0.35238093
11,-0.0055012579176907,0.35238093
