,count,predicted_mean
0,0.0,-0.00035895378
1,0.0,-0.00623779
2,0.0,-0.05840113
3,0.0,0.020487359
4,0.0,0.0036470622
5,0.0,0.0001824755
6,0.0,-0.00021935502
7,0.0,-0.00021935502
8,1.518942692051653e-08,-0.00021935502
9,-7.867976006466347e-09,-0.00021935502
10,2.37206381372506e-10,-0.00021935502
11,2.9814629353272136e-12,-0.00021935502
