,count,predicted_mean
0,0.0,0.3548913
1,0.0,0.3548913
2,0.0,0.4625
3,0.0,6.714286
4,0.0,1.9250001
5,0.0,0.3548913
6,0.0,0.3548913
7,0.0,0.3548913
8,0.0460243026416285,0.3548913
9,0.0036558444820614,0.3548913
10,-0.1589280738982681,0.3548913
11,-0.0199061048732637,0.3548913
