,count,predicted_mean
0,1.0,-0.006775245
1,1.0,0.028549017
2,0.0,3.3648376
3,5.0,2.974873
4,8.0,2.1388233
5,0.0,0.625499
6,0.0,0.006293939
7,0.0,-0.0015114563
8,-0.0529118160034134,-0.0005439572
9,-0.01784610980986,-0.0005439572
10,-0.0035136156054064,-0.0007976424
11,-1.916056663041105e-05,-0.0011056268
