,count,predicted_mean
0,0.0,0.25677323
1,0.0,0.25677323
2,0.0,0.36125
3,2.0,1.5122858
4,1.0,1.5122858
5,0.0,0.63875
6,0.0,0.25677323
7,0.0,0.25677323
8,0.0303530129694435,0.25677323
9,0.0072835132589894,0.25677323
10,0.0022131016419401,0.25677323
11,0.000513657778364,0.25677323
