,count,predicted_mean
0,0.0,0.24682948
1,0.0,0.24682948
2,0.0,0.24682948
3,0.0,1.05
4,0.0,0.24682948
5,0.0,0.24682948
6,0.0,0.24682948
7,0.0,0.24682948
8,-0.0023729416991099,0.24682948
9,2.161888317987184e-06,0.24682948
10,-6.518049335463778e-05,0.24682948
11,-1.904519287568269e-05,0.24682948
