,count,predicted_mean
0,0.0,0.0036019937
1,1.0,0.0016071761
2,1.0,1.7102293
3,4.0,4.027654
4,2.0,1.3015764
5,0.0,-0.02763623
6,0.0,-0.0003144382
7,0.0,-0.005870497
8,-1.5292618971119482e-05,-0.0003144382
9,-1.708386165410987e-05,-0.0003144382
10,-9.610685027788291e-06,-0.0003144382
11,-2.4970375559228745e-06,-0.0003144382
